run_id,run_label,run_index,train_end,test_start,m2_threshold,transaction_cost_bps,effective_start,effective_end,used_cache,elapsed_sec,pipeline_run_dir,status,long_only_m1_only_ann_return,long_only_m1_only_sharpe,long_only_m1_only_max_drawdown,long_only_m1_only_hit_rate,long_only_m1_only_test_ann_return,long_only_m1_only_test_sharpe,long_only_m1_only_test_max_drawdown,long_only_m1_only_test_hit_rate,long_only_m1_only_test_n_weeks,long_only_m1_m2_linear_ann_return,long_only_m1_m2_linear_sharpe,long_only_m1_m2_linear_max_drawdown,long_only_m1_m2_linear_hit_rate,long_only_m1_m2_linear_test_ann_return,long_only_m1_m2_linear_test_sharpe,long_only_m1_m2_linear_test_max_drawdown,long_only_m1_m2_linear_test_hit_rate,long_only_m1_m2_linear_test_n_weeks,long_only_m1_m2_ecdf_ann_return,long_only_m1_m2_ecdf_sharpe,long_only_m1_m2_ecdf_max_drawdown,long_only_m1_m2_ecdf_hit_rate,long_only_m1_m2_ecdf_test_ann_return,long_only_m1_m2_ecdf_test_sharpe,long_only_m1_m2_ecdf_test_max_drawdown,long_only_m1_m2_ecdf_test_hit_rate,long_only_m1_m2_ecdf_test_n_weeks,long_only_m2_accuracy,long_only_m2_precision,long_only_m2_recall,long_only_m2_f1,long_only_m2_auc,long_short_m1_only_ann_return,long_short_m1_only_sharpe,long_short_m1_only_max_drawdown,long_short_m1_only_hit_rate,long_short_m1_only_test_ann_return,long_short_m1_only_test_sharpe,long_short_m1_only_test_max_drawdown,long_short_m1_only_test_hit_rate,long_short_m1_only_test_n_weeks,long_short_m1_m2_linear_ann_return,long_short_m1_m2_linear_sharpe,long_short_m1_m2_linear_max_drawdown,long_short_m1_m2_linear_hit_rate,long_short_m1_m2_linear_test_ann_return,long_short_m1_m2_linear_test_sharpe,long_short_m1_m2_linear_test_max_drawdown,long_short_m1_m2_linear_test_hit_rate,long_short_m1_m2_linear_test_n_weeks,long_short_m1_m2_ecdf_ann_return,long_short_m1_m2_ecdf_sharpe,long_short_m1_m2_ecdf_max_drawdown,long_short_m1_m2_ecdf_hit_rate,long_short_m1_m2_ecdf_test_ann_return,long_short_m1_m2_ecdf_test_sharpe,long_short_m1_m2_ecdf_test_max_drawdown,long_short_m1_m2_ecdf_test_hit_rate,long_short_m1_m2_ecdf_test_n_weeks,long_short_m2_accuracy,long_short_m2_precision,long_short_m2_recall,long_short_m2_f1,long_short_m2_auc,rank_score,rank_score_full,param_split.train_end,param_models.m2.threshold,param_portfolio.transaction_cost_bps
68ef9899ea95,run_001,1,2012-12-31,2013-01-01,0.5,3,2007-07-27,2026-06-12,True,20.81,/home/vitaly/uni/ssga/SSGA-Summer2026/runs/20260610_234123,ok,0.0396183430291545,0.694713518830952,-0.1686786389970656,0.5679513184584178,0.0425665539183492,0.8135826591143773,-0.1190463851473423,0.5868945868945868,702,0.0071145462890713,0.7171214192232191,-0.0292996370072936,0.5567951318458418,0.006568739513604,0.7653149629554516,-0.0158378317820868,0.5683760683760684,702,0.0186650667412566,0.6920296140494526,-0.0521151421025911,0.5162271805273834,0.0144606534158151,0.6635823451707071,-0.045227779217188,0.5170940170940171,702,0.596136567834681,0.6015917602996255,0.9639909977494372,0.740847506486019,0.5152654344997223,0.0196853746126581,0.3198656785284854,-0.1586987375522988,0.5436105476673428,0.0129666266639354,0.2311292467290171,-0.1586987375522981,0.5598290598290598,702,0.0035695354124003,0.3892364698320822,-0.0301572865413708,0.5456389452332657,0.0023785648043241,0.2719752962830425,-0.0301572865413716,0.5655270655270656,702,0.0218476170407819,0.5334450732119479,-0.1369954343490779,0.5598377281947262,0.0136824193809024,0.3407460916987185,-0.1369954343490779,0.5712250712250713,702,0.5457080880074372,0.5457080880074372,1.0,0.7060946271050521,0.53279561020845,0.7653149629554516,0.7171214192232191,2012-12-31,0.5,3
322df0ae244d,run_002,2,2012-12-31,2013-01-01,0.5,5,2007-07-27,2026-06-12,True,20.49,/home/vitaly/uni/ssga/SSGA-Summer2026/runs/20260610_234144,ok,0.0389534965820286,0.6831031937058887,-0.1689193321124731,0.5679513184584178,0.0419450865085284,0.8017320912306167,-0.1195775308726616,0.5868945868945868,702,0.0068068035767971,0.6861842031251211,-0.0293701806499481,0.550709939148073,0.0062308908894559,0.7259824695096959,-0.0160270849510806,0.5598290598290598,702,0.0174758237362531,0.648009465759228,-0.0524197713127917,0.5101419878296146,0.0132352391445897,0.6073943471634963,-0.0461796458728032,0.5085470085470085,702,0.596136567834681,0.6015917602996255,0.9639909977494372,0.740847506486019,0.5152654344997223,0.0185669029133346,0.3017416165541802,-0.1597353055183119,0.5436105476673428,0.0118572436420931,0.2113744473142434,-0.1597353055183116,0.5598290598290598,702,0.0032611640212367,0.3556973034159945,-0.0304326302941871,0.5425963488843814,0.0020325650093726,0.2324686877861239,-0.0304326302941878,0.5612535612535613,702,0.019711458889942,0.4812983256980618,-0.1384480430089114,0.5557809330628803,0.0112920719978182,0.2812008852789615,-0.138448043008911,0.5669515669515669,702,0.5457080880074372,0.5457080880074372,1.0,0.7060946271050521,0.53279561020845,0.7259824695096959,0.6861842031251211,2012-12-31,0.5,5
c5ec4f6a6ea6,run_003,3,2012-12-31,2013-01-01,0.52,3,2007-07-27,2026-06-12,True,20.71,/home/vitaly/uni/ssga/SSGA-Summer2026/runs/20260610_234204,ok,0.0396183430291545,0.694713518830952,-0.1686786389970656,0.5679513184584178,0.0425665539183492,0.8135826591143773,-0.1190463851473423,0.5868945868945868,702,0.0071145462890713,0.7171214192232191,-0.0292996370072936,0.5567951318458418,0.006568739513604,0.7653149629554516,-0.0158378317820868,0.5683760683760684,702,0.0186650667412566,0.6920296140494526,-0.0521151421025911,0.5162271805273834,0.0144606534158151,0.6635823451707071,-0.045227779217188,0.5170940170940171,702,0.5808625336927223,0.5982318271119843,0.913728432108027,0.7230632235084595,0.5152654344997223,0.0196853746126581,0.3198656785284854,-0.1586987375522988,0.5436105476673428,0.0129666266639354,0.2311292467290171,-0.1586987375522981,0.5598290598290598,702,0.0035695354124003,0.3892364698320822,-0.0301572865413708,0.5456389452332657,0.0023785648043241,0.2719752962830425,-0.0301572865413716,0.5655270655270656,702,0.0218476170407819,0.5334450732119479,-0.1369954343490779,0.5598377281947262,0.0136824193809024,0.3407460916987185,-0.1369954343490779,0.5712250712250713,702,0.5457080880074372,0.5457080880074372,1.0,0.7060946271050521,0.53279561020845,0.7653149629554516,0.7171214192232191,2012-12-31,0.52,3
eba23d6514ee,run_004,4,2012-12-31,2013-01-01,0.52,5,2007-07-27,2026-06-12,True,21.12,/home/vitaly/uni/ssga/SSGA-Summer2026/runs/20260610_234224,ok,0.0389534965820286,0.6831031937058887,-0.1689193321124731,0.5679513184584178,0.0419450865085284,0.8017320912306167,-0.1195775308726616,0.5868945868945868,702,0.0068068035767971,0.6861842031251211,-0.0293701806499481,0.550709939148073,0.0062308908894559,0.7259824695096959,-0.0160270849510806,0.5598290598290598,702,0.0174758237362531,0.648009465759228,-0.0524197713127917,0.5101419878296146,0.0132352391445897,0.6073943471634963,-0.0461796458728032,0.5085470085470085,702,0.5808625336927223,0.5982318271119843,0.913728432108027,0.7230632235084595,0.5152654344997223,0.0185669029133346,0.3017416165541802,-0.1597353055183119,0.5436105476673428,0.0118572436420931,0.2113744473142434,-0.1597353055183116,0.5598290598290598,702,0.0032611640212367,0.3556973034159945,-0.0304326302941871,0.5425963488843814,0.0020325650093726,0.2324686877861239,-0.0304326302941878,0.5612535612535613,702,0.019711458889942,0.4812983256980618,-0.1384480430089114,0.5557809330628803,0.0112920719978182,0.2812008852789615,-0.138448043008911,0.5669515669515669,702,0.5457080880074372,0.5457080880074372,1.0,0.7060946271050521,0.53279561020845,0.7259824695096959,0.6861842031251211,2012-12-31,0.52,5
c6af80421ea5,run_005,5,2012-12-31,2013-01-01,0.55,3,2007-07-27,2026-06-12,True,20.97,/home/vitaly/uni/ssga/SSGA-Summer2026/runs/20260610_234245,ok,0.0396183430291545,0.694713518830952,-0.1686786389970656,0.5679513184584178,0.0425665539183492,0.8135826591143773,-0.1190463851473423,0.5868945868945868,702,0.0071145462890713,0.7171214192232191,-0.0292996370072936,0.5567951318458418,0.006568739513604,0.7653149629554516,-0.0158378317820868,0.5683760683760684,702,0.0186650667412566,0.6920296140494526,-0.0521151421025911,0.5162271805273834,0.0144606534158151,0.6635823451707071,-0.045227779217188,0.5170940170940171,702,0.5691823899371069,0.5970924195223261,0.8627156789197299,0.7057379564283522,0.5152654344997223,0.0196853746126581,0.3198656785284854,-0.1586987375522988,0.5436105476673428,0.0129666266639354,0.2311292467290171,-0.1586987375522981,0.5598290598290598,702,0.0035695354124003,0.3892364698320822,-0.0301572865413708,0.5456389452332657,0.0023785648043241,0.2719752962830425,-0.0301572865413716,0.5655270655270656,702,0.0218476170407819,0.5334450732119479,-0.1369954343490779,0.5598377281947262,0.0136824193809024,0.3407460916987185,-0.1369954343490779,0.5712250712250713,702,0.544468546637744,0.5457403332285444,0.9858035207268596,0.7025495750708215,0.53279561020845,0.7653149629554516,0.7171214192232191,2012-12-31,0.55,3
3c2bd012795a,run_006,6,2012-12-31,2013-01-01,0.55,5,2007-07-27,2026-06-12,True,20.9,/home/vitaly/uni/ssga/SSGA-Summer2026/runs/20260610_234306,ok,0.0389534965820286,0.6831031937058887,-0.1689193321124731,0.5679513184584178,0.0419450865085284,0.8017320912306167,-0.1195775308726616,0.5868945868945868,702,0.0068068035767971,0.6861842031251211,-0.0293701806499481,0.550709939148073,0.0062308908894559,0.7259824695096959,-0.0160270849510806,0.5598290598290598,702,0.0174758237362531,0.648009465759228,-0.0524197713127917,0.5101419878296146,0.0132352391445897,0.6073943471634963,-0.0461796458728032,0.5085470085470085,702,0.5691823899371069,0.5970924195223261,0.8627156789197299,0.7057379564283522,0.5152654344997223,0.0185669029133346,0.3017416165541802,-0.1597353055183119,0.5436105476673428,0.0118572436420931,0.2113744473142434,-0.1597353055183116,0.5598290598290598,702,0.0032611640212367,0.3556973034159945,-0.0304326302941871,0.5425963488843814,0.0020325650093726,0.2324686877861239,-0.0304326302941878,0.5612535612535613,702,0.019711458889942,0.4812983256980618,-0.1384480430089114,0.5557809330628803,0.0112920719978182,0.2812008852789615,-0.138448043008911,0.5669515669515669,702,0.544468546637744,0.5457403332285444,0.9858035207268596,0.7025495750708215,0.53279561020845,0.7259824695096959,0.6861842031251211,2012-12-31,0.55,5
8dbf57995654,run_007,7,2012-12-31,2013-01-01,0.58,3,2007-07-27,2026-06-12,True,21.74,/home/vitaly/uni/ssga/SSGA-Summer2026/runs/20260610_234327,ok,0.0396183430291545,0.694713518830952,-0.1686786389970656,0.5679513184584178,0.0425665539183492,0.8135826591143773,-0.1190463851473423,0.5868945868945868,702,0.0071145462890713,0.7171214192232191,-0.0292996370072936,0.5567951318458418,0.006568739513604,0.7653149629554516,-0.0158378317820868,0.5683760683760684,702,0.0186650667412566,0.6920296140494526,-0.0521151421025911,0.5162271805273834,0.0144606534158151,0.6635823451707071,-0.045227779217188,0.5170940170940171,702,0.550314465408805,0.6103723404255319,0.6886721680420105,0.6471624955939372,0.5152654344997223,0.0196853746126581,0.3198656785284854,-0.1586987375522988,0.5436105476673428,0.0129666266639354,0.2311292467290171,-0.1586987375522981,0.5598290598290598,702,0.0035695354124003,0.3892364698320822,-0.0301572865413708,0.5456389452332657,0.0023785648043241,0.2719752962830425,-0.0301572865413716,0.5655270655270656,702,0.0218476170407819,0.5334450732119479,-0.1369954343490779,0.5598377281947262,0.0136824193809024,0.3407460916987185,-0.1369954343490779,0.5712250712250713,702,0.4741245739076541,0.5507936507936508,0.1970471323111868,0.2902551233793392,0.53279561020845,0.7653149629554516,0.7171214192232191,2012-12-31,0.58,3
abfdb3501423,run_008,8,2012-12-31,2013-01-01,0.58,5,2007-07-27,2026-06-12,True,21.23,/home/vitaly/uni/ssga/SSGA-Summer2026/runs/20260610_234348,ok,0.0389534965820286,0.6831031937058887,-0.1689193321124731,0.5679513184584178,0.0419450865085284,0.8017320912306167,-0.1195775308726616,0.5868945868945868,702,0.0068068035767971,0.6861842031251211,-0.0293701806499481,0.550709939148073,0.0062308908894559,0.7259824695096959,-0.0160270849510806,0.5598290598290598,702,0.0174758237362531,0.648009465759228,-0.0524197713127917,0.5101419878296146,0.0132352391445897,0.6073943471634963,-0.0461796458728032,0.5085470085470085,702,0.550314465408805,0.6103723404255319,0.6886721680420105,0.6471624955939372,0.5152654344997223,0.0185669029133346,0.3017416165541802,-0.1597353055183119,0.5436105476673428,0.0118572436420931,0.2113744473142434,-0.1597353055183116,0.5598290598290598,702,0.0032611640212367,0.3556973034159945,-0.0304326302941871,0.5425963488843814,0.0020325650093726,0.2324686877861239,-0.0304326302941878,0.5612535612535613,702,0.019711458889942,0.4812983256980618,-0.1384480430089114,0.5557809330628803,0.0112920719978182,0.2812008852789615,-0.138448043008911,0.5669515669515669,702,0.4741245739076541,0.5507936507936508,0.1970471323111868,0.2902551233793392,0.53279561020845,0.7259824695096959,0.6861842031251211,2012-12-31,0.58,5
0d0430f6454f,run_009,9,2012-12-31,2013-01-01,0.62,3,2007-07-27,2026-06-12,True,21.06,/home/vitaly/uni/ssga/SSGA-Summer2026/runs/20260610_234409,ok,0.0396183430291545,0.694713518830952,-0.1686786389970656,0.5679513184584178,0.0425665539183492,0.8135826591143773,-0.1190463851473423,0.5868945868945868,702,0.0071145462890713,0.7171214192232191,-0.0292996370072936,0.5567951318458418,0.006568739513604,0.7653149629554516,-0.0158378317820868,0.5683760683760684,702,0.0186650667412566,0.6920296140494526,-0.0521151421025911,0.5162271805273834,0.0144606534158151,0.6635823451707071,-0.045227779217188,0.5170940170940171,702,0.4074573225516621,0.6521739130434783,0.0225056264066016,0.0435097897026831,0.5152654344997223,0.0196853746126581,0.3198656785284854,-0.1586987375522988,0.5436105476673428,0.0129666266639354,0.2311292467290171,-0.1586987375522981,0.5598290598290598,702,0.0035695354124003,0.3892364698320822,-0.0301572865413708,0.5456389452332657,0.0023785648043241,0.2719752962830425,-0.0301572865413716,0.5655270655270656,702,0.0218476170407819,0.5334450732119479,-0.1369954343490779,0.5598377281947262,0.0136824193809024,0.3407460916987185,-0.1369954343490779,0.5712250712250713,702,0.4539820266501394,0.3333333333333333,0.0005678591709256,0.0011337868480725,0.53279561020845,0.7653149629554516,0.7171214192232191,2012-12-31,0.62,3
4c8bae5b9c83,run_010,10,2012-12-31,2013-01-01,0.62,5,2007-07-27,2026-06-12,True,20.9,/home/vitaly/uni/ssga/SSGA-Summer2026/runs/20260610_234430,ok,0.0389534965820286,0.6831031937058887,-0.1689193321124731,0.5679513184584178,0.0419450865085284,0.8017320912306167,-0.1195775308726616,0.5868945868945868,702,0.0068068035767971,0.6861842031251211,-0.0293701806499481,0.550709939148073,0.0062308908894559,0.7259824695096959,-0.0160270849510806,0.5598290598290598,702,0.0174758237362531,0.648009465759228,-0.0524197713127917,0.5101419878296146,0.0132352391445897,0.6073943471634963,-0.0461796458728032,0.5085470085470085,702,0.4074573225516621,0.6521739130434783,0.0225056264066016,0.0435097897026831,0.5152654344997223,0.0185669029133346,0.3017416165541802,-0.1597353055183119,0.5436105476673428,0.0118572436420931,0.2113744473142434,-0.1597353055183116,0.5598290598290598,702,0.0032611640212367,0.3556973034159945,-0.0304326302941871,0.5425963488843814,0.0020325650093726,0.2324686877861239,-0.0304326302941878,0.5612535612535613,702,0.019711458889942,0.4812983256980618,-0.1384480430089114,0.5557809330628803,0.0112920719978182,0.2812008852789615,-0.138448043008911,0.5669515669515669,702,0.4539820266501394,0.3333333333333333,0.0005678591709256,0.0011337868480725,0.53279561020845,0.7259824695096959,0.6861842031251211,2012-12-31,0.62,5
02673c0129f8,run_011,11,2015-12-31,2016-01-01,0.5,3,2007-07-27,2026-06-12,True,20.65,/home/vitaly/uni/ssga/SSGA-Summer2026/runs/20260610_234450,ok,0.0392109620242022,0.6877833140851685,-0.1686786389970656,0.5679513184584178,0.0447682936579514,0.8305425075636338,-0.1204167978629,0.5824175824175825,546,0.0077826899132273,0.874510274392109,-0.0222112105250599,0.5740365111561866,0.0079883591129426,0.9730192999127756,-0.0150866386669075,0.5824175824175825,546,0.0314761262200964,1.115489194782097,-0.0380227169852745,0.5699797160243407,0.0306130486012348,1.2332781500907823,-0.0285269760994371,0.5824175824175825,546,0.6085918854415274,0.608955223880597,0.9990205680705192,0.7566765578635015,0.5436594866580438,0.0249099809391972,0.4258866582712982,-0.0993179237254875,0.539553752535497,0.0190613750275308,0.3665351182336732,-0.0993179237254877,0.5512820512820513,546,0.0048721863125504,0.6026090831081843,-0.0157789701733079,0.5598377281947262,0.0028846593268108,0.4100717690950453,-0.0157789701733077,0.5677655677655677,546,0.0216522981550335,0.6563303692493644,-0.0645624114204559,0.550709939148073,0.0130148404539234,0.4566620679130466,-0.0645624114204554,0.5604395604395604,546,0.5441741357234315,0.5450216450216451,0.9866771159874608,0.702175125488009,0.5516110267265618,0.9730192999127756,0.874510274392109,2015-12-31,0.5,3
c08496a2c576,run_012,12,2015-12-31,2016-01-01,0.5,5,2007-07-27,2026-06-12,True,20.96,/home/vitaly/uni/ssga/SSGA-Summer2026/runs/20260610_234510,ok,0.0385588951944155,0.6763956660219196,-0.1689193321124731,0.5679513184584178,0.0441434978527106,0.8189379635206661,-0.12094674650847,0.5824175824175825,546,0.0075909433048189,0.8530765553926957,-0.0223049957132465,0.5730223123732252,0.0078019961962487,0.9503254606806288,-0.0152707142774198,0.5824175824175825,546,0.0303617388647676,1.0761953732486995,-0.0384228707555199,0.5679513184584178,0.0294759906303998,1.187612210442,-0.0291911195284414,0.5787545787545788,546,0.6085918854415274,0.608955223880597,0.9990205680705192,0.7566765578635015,0.5436594866580438,0.0238150153730569,0.4072193874794252,-0.1002719093885524,0.539553752535497,0.0179475030466063,0.3451012741468109,-0.1002719093885522,0.5512820512820513,546,0.0045840135177208,0.5671436360481911,-0.0160337605476585,0.5557809330628803,0.002610248536637,0.3710720771997076,-0.0160337605476589,0.5641025641025641,546,0.0202738962896735,0.6147534378758013,-0.0650638083320398,0.5456389452332657,0.0117275178897808,0.4115510705686592,-0.0650638083320399,0.5586080586080586,546,0.5441741357234315,0.5450216450216451,0.9866771159874608,0.702175125488009,0.5516110267265618,0.9503254606806288,0.8530765553926957,2015-12-31,0.5,5
63b6ff20d037,run_013,13,2015-12-31,2016-01-01,0.52,3,2007-07-27,2026-06-12,True,20.57,/home/vitaly/uni/ssga/SSGA-Summer2026/runs/20260610_234531,ok,0.0392109620242022,0.6877833140851685,-0.1686786389970656,0.5679513184584178,0.0447682936579514,0.8305425075636338,-0.1204167978629,0.5824175824175825,546,0.0077826899132273,0.874510274392109,-0.0222112105250599,0.5740365111561866,0.0079883591129426,0.9730192999127756,-0.0150866386669075,0.5824175824175825,546,0.0314761262200964,1.115489194782097,-0.0380227169852745,0.5699797160243407,0.0306130486012348,1.2332781500907823,-0.0285269760994371,0.5824175824175825,546,0.6091885441527446,0.6093189964157706,0.9990205680705192,0.7569573283858998,0.5436594866580438,0.0249099809391972,0.4258866582712982,-0.0993179237254875,0.539553752535497,0.0190613750275308,0.3665351182336732,-0.0993179237254877,0.5512820512820513,546,0.0048721863125504,0.6026090831081843,-0.0157789701733079,0.5598377281947262,0.0028846593268108,0.4100717690950453,-0.0157789701733077,0.5677655677655677,546,0.0216522981550335,0.6563303692493644,-0.0645624114204559,0.550709939148073,0.0130148404539234,0.4566620679130466,-0.0645624114204554,0.5604395604395604,546,0.5531370038412292,0.5526436781609195,0.9420062695924764,0.6966096783541003,0.5516110267265618,0.9730192999127756,0.874510274392109,2015-12-31,0.52,3
1d7c1e0b8c60,run_014,14,2015-12-31,2016-01-01,0.52,5,2007-07-27,2026-06-12,True,20.7,/home/vitaly/uni/ssga/SSGA-Summer2026/runs/20260610_234551,ok,0.0385588951944155,0.6763956660219196,-0.1689193321124731,0.5679513184584178,0.0441434978527106,0.8189379635206661,-0.12094674650847,0.5824175824175825,546,0.0075909433048189,0.8530765553926957,-0.0223049957132465,0.5730223123732252,0.0078019961962487,0.9503254606806288,-0.0152707142774198,0.5824175824175825,546,0.0303617388647676,1.0761953732486995,-0.0384228707555199,0.5679513184584178,0.0294759906303998,1.187612210442,-0.0291911195284414,0.5787545787545788,546,0.6091885441527446,0.6093189964157706,0.9990205680705192,0.7569573283858998,0.5436594866580438,0.0238150153730569,0.4072193874794252,-0.1002719093885524,0.539553752535497,0.0179475030466063,0.3451012741468109,-0.1002719093885522,0.5512820512820513,546,0.0045840135177208,0.5671436360481911,-0.0160337605476585,0.5557809330628803,0.002610248536637,0.3710720771997076,-0.0160337605476589,0.5641025641025641,546,0.0202738962896735,0.6147534378758013,-0.0650638083320398,0.5456389452332657,0.0117275178897808,0.4115510705686592,-0.0650638083320399,0.5586080586080586,546,0.5531370038412292,0.5526436781609195,0.9420062695924764,0.6966096783541003,0.5516110267265618,0.9503254606806288,0.8530765553926957,2015-12-31,0.52,5
b618f3038e78,run_015,15,2015-12-31,2016-01-01,0.55,3,2007-07-27,2026-06-12,True,20.5,/home/vitaly/uni/ssga/SSGA-Summer2026/runs/20260610_234612,ok,0.0392109620242022,0.6877833140851685,-0.1686786389970656,0.5679513184584178,0.0447682936579514,0.8305425075636338,-0.1204167978629,0.5824175824175825,546,0.0077826899132273,0.874510274392109,-0.0222112105250599,0.5740365111561866,0.0079883591129426,0.9730192999127756,-0.0150866386669075,0.5824175824175825,546,0.0314761262200964,1.115489194782097,-0.0380227169852745,0.5699797160243407,0.0306130486012348,1.2332781500907823,-0.0285269760994371,0.5824175824175825,546,0.6109785202863962,0.6138186304750154,0.9745347698334964,0.753217259651779,0.5436594866580438,0.0249099809391972,0.4258866582712982,-0.0993179237254875,0.539553752535497,0.0190613750275308,0.3665351182336732,-0.0993179237254877,0.5512820512820513,546,0.0048721863125504,0.6026090831081843,-0.0157789701733079,0.5598377281947262,0.0028846593268108,0.4100717690950453,-0.0157789701733077,0.5677655677655677,546,0.0216522981550335,0.6563303692493644,-0.0645624114204559,0.550709939148073,0.0130148404539234,0.4566620679130466,-0.0645624114204554,0.5604395604395604,546,0.5390524967989757,0.5718475073313783,0.6112852664576802,0.5909090909090909,0.5516110267265618,0.9730192999127756,0.874510274392109,2015-12-31,0.55,3
7503930f9672,run_016,16,2015-12-31,2016-01-01,0.55,5,2007-07-27,2026-06-12,True,20.49,/home/vitaly/uni/ssga/SSGA-Summer2026/runs/20260610_234632,ok,0.0385588951944155,0.6763956660219196,-0.1689193321124731,0.5679513184584178,0.0441434978527106,0.8189379635206661,-0.12094674650847,0.5824175824175825,546,0.0075909433048189,0.8530765553926957,-0.0223049957132465,0.5730223123732252,0.0078019961962487,0.9503254606806288,-0.0152707142774198,0.5824175824175825,546,0.0303617388647676,1.0761953732486995,-0.0384228707555199,0.5679513184584178,0.0294759906303998,1.187612210442,-0.0291911195284414,0.5787545787545788,546,0.6109785202863962,0.6138186304750154,0.9745347698334964,0.753217259651779,0.5436594866580438,0.0238150153730569,0.4072193874794252,-0.1002719093885524,0.539553752535497,0.0179475030466063,0.3451012741468109,-0.1002719093885522,0.5512820512820513,546,0.0045840135177208,0.5671436360481911,-0.0160337605476585,0.5557809330628803,0.002610248536637,0.3710720771997076,-0.0160337605476589,0.5641025641025641,546,0.0202738962896735,0.6147534378758013,-0.0650638083320398,0.5456389452332657,0.0117275178897808,0.4115510705686592,-0.0650638083320399,0.5586080586080586,546,0.5390524967989757,0.5718475073313783,0.6112852664576802,0.5909090909090909,0.5516110267265618,0.9503254606806288,0.8530765553926957,2015-12-31,0.55,5
0136bb3bfb4d,run_017,17,2015-12-31,2016-01-01,0.58,3,2007-07-27,2026-06-12,True,20.38,/home/vitaly/uni/ssga/SSGA-Summer2026/runs/20260610_234652,ok,0.0392109620242022,0.6877833140851685,-0.1686786389970656,0.5679513184584178,0.0447682936579514,0.8305425075636338,-0.1204167978629,0.5824175824175825,546,0.0077826899132273,0.874510274392109,-0.0222112105250599,0.5740365111561866,0.0079883591129426,0.9730192999127756,-0.0150866386669075,0.5824175824175825,546,0.0314761262200964,1.115489194782097,-0.0380227169852745,0.5699797160243407,0.0306130486012348,1.2332781500907823,-0.0285269760994371,0.5824175824175825,546,0.5322195704057279,0.6490566037735849,0.5053868756121449,0.5682819383259912,0.5436594866580438,0.0249099809391972,0.4258866582712982,-0.0993179237254875,0.539553752535497,0.0190613750275308,0.3665351182336732,-0.0993179237254877,0.5512820512820513,546,0.0048721863125504,0.6026090831081843,-0.0157789701733079,0.5598377281947262,0.0028846593268108,0.4100717690950453,-0.0157789701733077,0.5677655677655677,546,0.0216522981550335,0.6563303692493644,-0.0645624114204559,0.550709939148073,0.0130148404539234,0.4566620679130466,-0.0645624114204554,0.5604395604395604,546,0.4929577464788732,0.6437908496732027,0.1543887147335423,0.2490518331226295,0.5516110267265618,0.9730192999127756,0.874510274392109,2015-12-31,0.58,3
95ea0b3659f2,run_018,18,2015-12-31,2016-01-01,0.58,5,2007-07-27,2026-06-12,True,20.5,/home/vitaly/uni/ssga/SSGA-Summer2026/runs/20260610_234712,ok,0.0385588951944155,0.6763956660219196,-0.1689193321124731,0.5679513184584178,0.0441434978527106,0.8189379635206661,-0.12094674650847,0.5824175824175825,546,0.0075909433048189,0.8530765553926957,-0.0223049957132465,0.5730223123732252,0.0078019961962487,0.9503254606806288,-0.0152707142774198,0.5824175824175825,546,0.0303617388647676,1.0761953732486995,-0.0384228707555199,0.5679513184584178,0.0294759906303998,1.187612210442,-0.0291911195284414,0.5787545787545788,546,0.5322195704057279,0.6490566037735849,0.5053868756121449,0.5682819383259912,0.5436594866580438,0.0238150153730569,0.4072193874794252,-0.1002719093885524,0.539553752535497,0.0179475030466063,0.3451012741468109,-0.1002719093885522,0.5512820512820513,546,0.0045840135177208,0.5671436360481911,-0.0160337605476585,0.5557809330628803,0.002610248536637,0.3710720771997076,-0.0160337605476589,0.5641025641025641,546,0.0202738962896735,0.6147534378758013,-0.0650638083320398,0.5456389452332657,0.0117275178897808,0.4115510705686592,-0.0650638083320399,0.5586080586080586,546,0.4929577464788732,0.6437908496732027,0.1543887147335423,0.2490518331226295,0.5516110267265618,0.9503254606806288,0.8530765553926957,2015-12-31,0.58,5
4f6a29e3173c,run_019,19,2015-12-31,2016-01-01,0.62,3,2007-07-27,2026-06-12,True,20.31,/home/vitaly/uni/ssga/SSGA-Summer2026/runs/20260610_234732,ok,0.0392109620242022,0.6877833140851685,-0.1686786389970656,0.5679513184584178,0.0447682936579514,0.8305425075636338,-0.1204167978629,0.5824175824175825,546,0.0077826899132273,0.874510274392109,-0.0222112105250599,0.5740365111561866,0.0079883591129426,0.9730192999127756,-0.0150866386669075,0.5824175824175825,546,0.0314761262200964,1.115489194782097,-0.0380227169852745,0.5699797160243407,0.0306130486012348,1.2332781500907823,-0.0285269760994371,0.5824175824175825,546,0.3926014319809069,0.6,0.0088148873653281,0.0173745173745173,0.5436594866580438,0.0249099809391972,0.4258866582712982,-0.0993179237254875,0.539553752535497,0.0190613750275308,0.3665351182336732,-0.0993179237254877,0.5512820512820513,546,0.0048721863125504,0.6026090831081843,-0.0157789701733079,0.5598377281947262,0.0028846593268108,0.4100717690950453,-0.0157789701733077,0.5677655677655677,546,0.0216522981550335,0.6563303692493644,-0.0645624114204559,0.550709939148073,0.0130148404539234,0.4566620679130466,-0.0645624114204554,0.5604395604395604,546,0.4536918480580452,0.3333333333333333,0.0031347962382445,0.0062111801242236,0.5516110267265618,0.9730192999127756,0.874510274392109,2015-12-31,0.62,3
96090af88293,run_020,20,2015-12-31,2016-01-01,0.62,5,2007-07-27,2026-06-12,True,20.43,/home/vitaly/uni/ssga/SSGA-Summer2026/runs/20260610_234752,ok,0.0385588951944155,0.6763956660219196,-0.1689193321124731,0.5679513184584178,0.0441434978527106,0.8189379635206661,-0.12094674650847,0.5824175824175825,546,0.0075909433048189,0.8530765553926957,-0.0223049957132465,0.5730223123732252,0.0078019961962487,0.9503254606806288,-0.0152707142774198,0.5824175824175825,546,0.0303617388647676,1.0761953732486995,-0.0384228707555199,0.5679513184584178,0.0294759906303998,1.187612210442,-0.0291911195284414,0.5787545787545788,546,0.3926014319809069,0.6,0.0088148873653281,0.0173745173745173,0.5436594866580438,0.0238150153730569,0.4072193874794252,-0.1002719093885524,0.539553752535497,0.0179475030466063,0.3451012741468109,-0.1002719093885522,0.5512820512820513,546,0.0045840135177208,0.5671436360481911,-0.0160337605476585,0.5557809330628803,0.002610248536637,0.3710720771997076,-0.0160337605476589,0.5641025641025641,546,0.0202738962896735,0.6147534378758013,-0.0650638083320398,0.5456389452332657,0.0117275178897808,0.4115510705686592,-0.0650638083320399,0.5586080586080586,546,0.4536918480580452,0.3333333333333333,0.0031347962382445,0.0062111801242236,0.5516110267265618,0.9503254606806288,0.8530765553926957,2015-12-31,0.62,5
bd92a04aae90,run_021,21,2018-12-31,2019-01-01,0.5,3,2007-07-27,2026-06-12,True,20.35,/home/vitaly/uni/ssga/SSGA-Summer2026/runs/20260610_234812,ok,0.0392569655924497,0.6893908900009212,-0.1697438701718657,0.5669371196754563,0.0449107485146338,0.7862465461244442,-0.1204167978629005,0.5912596401028277,389,0.0091480960449932,0.8860617242480965,-0.0264398251873575,0.5699797160243407,0.009213664545413,0.8942054242062875,-0.0193772834861742,0.596401028277635,389,0.0315095763334518,1.1015347953858896,-0.0417687876692522,0.5821501014198783,0.028659139388627,1.014487789823776,-0.0291713055499123,0.596401028277635,389,0.6062176165803109,0.6062176165803109,1.0,0.7548387096774194,0.5212675563552757,0.0274683031348776,0.4935169370624163,-0.1198943820266549,0.5436105476673428,0.0282570010080487,0.5037192198523852,-0.119894382026654,0.5861182519280206,389,0.0061063284350328,0.7648048074987821,-0.0214294602602914,0.5699797160243407,0.0057738551716444,0.7137765084519255,-0.0149314808692465,0.5886889460154242,389,0.0261840731880076,0.7960498918376923,-0.081811883181174,0.5760649087221096,0.0247738272949378,0.7212911090061443,-0.0631643899828572,0.596401028277635,389,0.5717227179135209,0.57,0.973170731707317,0.7189189189189189,0.569301604319026,0.8942054242062875,0.8860617242480965,2018-12-31,0.5,3
773f189bff4e,run_022,22,2018-12-31,2019-01-01,0.5,5,2007-07-27,2026-06-12,True,20.96,/home/vitaly/uni/ssga/SSGA-Summer2026/runs/20260610_234833,ok,0.0386048410143349,0.6779831287367255,-0.1699843860916688,0.5669371196754563,0.0442448744958055,0.7745541996183452,-0.1209467465084699,0.5912596401028277,389,0.0089225415252747,0.8643360736712369,-0.0265512610921077,0.5679513184584178,0.0089760250687156,0.8711633821367173,-0.0195801365176431,0.5938303341902313,389,0.0303819329219623,1.0623292874094905,-0.0424942082337495,0.5801217038539553,0.0274381112743029,0.9713477781655908,-0.0301098766399067,0.5938303341902313,389,0.6062176165803109,0.6062176165803109,1.0,0.7548387096774194,0.5212675563552757,0.0264267337817958,0.4749355433204638,-0.1210781926848806,0.5415821501014199,0.0271277933296401,0.4836898692748084,-0.1210781926848808,0.5861182519280206,389,0.0058326666454542,0.7306954389751303,-0.0215870316592601,0.5649087221095335,0.0054795643520861,0.6774031759366217,-0.0151137238556853,0.5861182519280206,389,0.0249499219272766,0.7586298431899913,-0.0824287710971615,0.5730223123732252,0.0234492940526358,0.6826926889661002,-0.063874513231748,0.596401028277635,389,0.5717227179135209,0.57,0.973170731707317,0.7189189189189189,0.569301604319026,0.8711633821367173,0.8643360736712369,2018-12-31,0.5,5
88be431ddf2f,run_023,23,2018-12-31,2019-01-01,0.52,3,2007-07-27,2026-06-12,True,20.54,/home/vitaly/uni/ssga/SSGA-Summer2026/runs/20260610_234853,ok,0.0392569655924497,0.6893908900009212,-0.1697438701718657,0.5669371196754563,0.0449107485146338,0.7862465461244442,-0.1204167978629005,0.5912596401028277,389,0.0091480960449932,0.8860617242480965,-0.0264398251873575,0.5699797160243407,0.009213664545413,0.8942054242062875,-0.0193772834861742,0.596401028277635,389,0.0315095763334518,1.1015347953858896,-0.0417687876692522,0.5821501014198783,0.028659139388627,1.014487789823776,-0.0291713055499123,0.596401028277635,389,0.6053540587219344,0.6058772687986171,0.9985754985754984,0.7541689080150619,0.5212675563552757,0.0274683031348776,0.4935169370624163,-0.1198943820266549,0.5436105476673428,0.0282570010080487,0.5037192198523852,-0.119894382026654,0.5861182519280206,389,0.0061063284350328,0.7648048074987821,-0.0214294602602914,0.5699797160243407,0.0057738551716444,0.7137765084519255,-0.0149314808692465,0.5886889460154242,389,0.0261840731880076,0.7960498918376923,-0.081811883181174,0.5760649087221096,0.0247738272949378,0.7212911090061443,-0.0631643899828572,0.596401028277635,389,0.5717227179135209,0.5770440251572327,0.8951219512195122,0.7017208413001912,0.569301604319026,0.8942054242062875,0.8860617242480965,2018-12-31,0.52,3
8568ab8484f7,run_024,24,2018-12-31,2019-01-01,0.52,5,2007-07-27,2026-06-12,True,20.16,/home/vitaly/uni/ssga/SSGA-Summer2026/runs/20260610_234914,ok,0.0386048410143349,0.6779831287367255,-0.1699843860916688,0.5669371196754563,0.0442448744958055,0.7745541996183452,-0.1209467465084699,0.5912596401028277,389,0.0089225415252747,0.8643360736712369,-0.0265512610921077,0.5679513184584178,0.0089760250687156,0.8711633821367173,-0.0195801365176431,0.5938303341902313,389,0.0303819329219623,1.0623292874094905,-0.0424942082337495,0.5801217038539553,0.0274381112743029,0.9713477781655908,-0.0301098766399067,0.5938303341902313,389,0.6053540587219344,0.6058772687986171,0.9985754985754984,0.7541689080150619,0.5212675563552757,0.0264267337817958,0.4749355433204638,-0.1210781926848806,0.5415821501014199,0.0271277933296401,0.4836898692748084,-0.1210781926848808,0.5861182519280206,389,0.0058326666454542,0.7306954389751303,-0.0215870316592601,0.5649087221095335,0.0054795643520861,0.6774031759366217,-0.0151137238556853,0.5861182519280206,389,0.0249499219272766,0.7586298431899913,-0.0824287710971615,0.5730223123732252,0.0234492940526358,0.6826926889661002,-0.063874513231748,0.596401028277635,389,0.5717227179135209,0.5770440251572327,0.8951219512195122,0.7017208413001912,0.569301604319026,0.8711633821367173,0.8643360736712369,2018-12-31,0.52,5
8c5e04f8a4e9,run_025,25,2018-12-31,2019-01-01,0.55,3,2007-07-27,2026-06-12,True,20.21,/home/vitaly/uni/ssga/SSGA-Summer2026/runs/20260610_234933,ok,0.0392569655924497,0.6893908900009212,-0.1697438701718657,0.5669371196754563,0.0449107485146338,0.7862465461244442,-0.1204167978629005,0.5912596401028277,389,0.0091480960449932,0.8860617242480965,-0.0264398251873575,0.5699797160243407,0.009213664545413,0.8942054242062875,-0.0193772834861742,0.596401028277635,389,0.0315095763334518,1.1015347953858896,-0.0417687876692522,0.5821501014198783,0.028659139388627,1.014487789823776,-0.0291713055499123,0.596401028277635,389,0.6062176165803109,0.6084656084656085,0.9829059829059827,0.7516339869281046,0.5212675563552757,0.0274683031348776,0.4935169370624163,-0.1198943820266549,0.5436105476673428,0.0282570010080487,0.5037192198523852,-0.119894382026654,0.5861182519280206,389,0.0061063284350328,0.7648048074987821,-0.0214294602602914,0.5699797160243407,0.0057738551716444,0.7137765084519255,-0.0149314808692465,0.5886889460154242,389,0.0261840731880076,0.7960498918376923,-0.081811883181174,0.5760649087221096,0.0247738272949378,0.7212911090061443,-0.0631643899828572,0.596401028277635,389,0.5634866163349348,0.6040723981900452,0.651219512195122,0.6267605633802817,0.569301604319026,0.8942054242062875,0.8860617242480965,2018-12-31,0.55,3
83364b5d7a45,run_026,26,2018-12-31,2019-01-01,0.55,5,2007-07-27,2026-06-12,True,20.26,/home/vitaly/uni/ssga/SSGA-Summer2026/runs/20260610_234953,ok,0.0386048410143349,0.6779831287367255,-0.1699843860916688,0.5669371196754563,0.0442448744958055,0.7745541996183452,-0.1209467465084699,0.5912596401028277,389,0.0089225415252747,0.8643360736712369,-0.0265512610921077,0.5679513184584178,0.0089760250687156,0.8711633821367173,-0.0195801365176431,0.5938303341902313,389,0.0303819329219623,1.0623292874094905,-0.0424942082337495,0.5801217038539553,0.0274381112743029,0.9713477781655908,-0.0301098766399067,0.5938303341902313,389,0.6062176165803109,0.6084656084656085,0.9829059829059827,0.7516339869281046,0.5212675563552757,0.0264267337817958,0.4749355433204638,-0.1210781926848806,0.5415821501014199,0.0271277933296401,0.4836898692748084,-0.1210781926848808,0.5861182519280206,389,0.0058326666454542,0.7306954389751303,-0.0215870316592601,0.5649087221095335,0.0054795643520861,0.6774031759366217,-0.0151137238556853,0.5861182519280206,389,0.0249499219272766,0.7586298431899913,-0.0824287710971615,0.5730223123732252,0.0234492940526358,0.6826926889661002,-0.063874513231748,0.596401028277635,389,0.5634866163349348,0.6040723981900452,0.651219512195122,0.6267605633802817,0.569301604319026,0.8711633821367173,0.8643360736712369,2018-12-31,0.55,5
f327feade7ca,run_027,27,2018-12-31,2019-01-01,0.58,3,2007-07-27,2026-06-12,True,20.3,/home/vitaly/uni/ssga/SSGA-Summer2026/runs/20260610_235013,ok,0.0392569655924497,0.6893908900009212,-0.1697438701718657,0.5669371196754563,0.0449107485146338,0.7862465461244442,-0.1204167978629005,0.5912596401028277,389,0.0091480960449932,0.8860617242480965,-0.0264398251873575,0.5699797160243407,0.009213664545413,0.8942054242062875,-0.0193772834861742,0.596401028277635,389,0.0315095763334518,1.1015347953858896,-0.0417687876692522,0.5821501014198783,0.028659139388627,1.014487789823776,-0.0291713055499123,0.596401028277635,389,0.5561312607944733,0.6060948081264108,0.7649572649572649,0.6763224181360201,0.5212675563552757,0.0274683031348776,0.4935169370624163,-0.1198943820266549,0.5436105476673428,0.0282570010080487,0.5037192198523852,-0.119894382026654,0.5861182519280206,389,0.0061063284350328,0.7648048074987821,-0.0214294602602914,0.5699797160243407,0.0057738551716444,0.7137765084519255,-0.0149314808692465,0.5886889460154242,389,0.0261840731880076,0.7960498918376923,-0.081811883181174,0.5760649087221096,0.0247738272949378,0.7212911090061443,-0.0631643899828572,0.596401028277635,389,0.4996568291008922,0.6260387811634349,0.275609756097561,0.3827265029635902,0.569301604319026,0.8942054242062875,0.8860617242480965,2018-12-31,0.58,3
b9ca005de9bc,run_028,28,2018-12-31,2019-01-01,0.58,5,2007-07-27,2026-06-12,True,20.17,/home/vitaly/uni/ssga/SSGA-Summer2026/runs/20260610_235033,ok,0.0386048410143349,0.6779831287367255,-0.1699843860916688,0.5669371196754563,0.0442448744958055,0.7745541996183452,-0.1209467465084699,0.5912596401028277,389,0.0089225415252747,0.8643360736712369,-0.0265512610921077,0.5679513184584178,0.0089760250687156,0.8711633821367173,-0.0195801365176431,0.5938303341902313,389,0.0303819329219623,1.0623292874094905,-0.0424942082337495,0.5801217038539553,0.0274381112743029,0.9713477781655908,-0.0301098766399067,0.5938303341902313,389,0.5561312607944733,0.6060948081264108,0.7649572649572649,0.6763224181360201,0.5212675563552757,0.0264267337817958,0.4749355433204638,-0.1210781926848806,0.5415821501014199,0.0271277933296401,0.4836898692748084,-0.1210781926848808,0.5861182519280206,389,0.0058326666454542,0.7306954389751303,-0.0215870316592601,0.5649087221095335,0.0054795643520861,0.6774031759366217,-0.0151137238556853,0.5861182519280206,389,0.0249499219272766,0.7586298431899913,-0.0824287710971615,0.5730223123732252,0.0234492940526358,0.6826926889661002,-0.063874513231748,0.596401028277635,389,0.4996568291008922,0.6260387811634349,0.275609756097561,0.3827265029635902,0.569301604319026,0.8711633821367173,0.8643360736712369,2018-12-31,0.58,5
03a2711f4947,run_029,29,2018-12-31,2019-01-01,0.62,3,2007-07-27,2026-06-12,True,20.4,/home/vitaly/uni/ssga/SSGA-Summer2026/runs/20260610_235053,ok,0.0392569655924497,0.6893908900009212,-0.1697438701718657,0.5669371196754563,0.0449107485146338,0.7862465461244442,-0.1204167978629005,0.5912596401028277,389,0.0091480960449932,0.8860617242480965,-0.0264398251873575,0.5699797160243407,0.009213664545413,0.8942054242062875,-0.0193772834861742,0.596401028277635,389,0.0315095763334518,1.1015347953858896,-0.0417687876692522,0.5821501014198783,0.028659139388627,1.014487789823776,-0.0291713055499123,0.596401028277635,389,0.4075993091537133,0.5930232558139535,0.0726495726495726,0.1294416243654822,0.5212675563552757,0.0274683031348776,0.4935169370624163,-0.1198943820266549,0.5436105476673428,0.0282570010080487,0.5037192198523852,-0.119894382026654,0.5861182519280206,389,0.0061063284350328,0.7648048074987821,-0.0214294602602914,0.5699797160243407,0.0057738551716444,0.7137765084519255,-0.0149314808692465,0.5886889460154242,389,0.0261840731880076,0.7960498918376923,-0.081811883181174,0.5760649087221096,0.0247738272949378,0.7212911090061443,-0.0631643899828572,0.596401028277635,389,0.4337680164722031,0.4074074074074074,0.0134146341463414,0.0259740259740259,0.569301604319026,0.8942054242062875,0.8860617242480965,2018-12-31,0.62,3
445e9864ec01,run_030,30,2018-12-31,2019-01-01,0.62,5,2007-07-27,2026-06-12,True,20.47,/home/vitaly/uni/ssga/SSGA-Summer2026/runs/20260610_235113,ok,0.0386048410143349,0.6779831287367255,-0.1699843860916688,0.5669371196754563,0.0442448744958055,0.7745541996183452,-0.1209467465084699,0.5912596401028277,389,0.0089225415252747,0.8643360736712369,-0.0265512610921077,0.5679513184584178,0.0089760250687156,0.8711633821367173,-0.0195801365176431,0.5938303341902313,389,0.0303819329219623,1.0623292874094905,-0.0424942082337495,0.5801217038539553,0.0274381112743029,0.9713477781655908,-0.0301098766399067,0.5938303341902313,389,0.4075993091537133,0.5930232558139535,0.0726495726495726,0.1294416243654822,0.5212675563552757,0.0264267337817958,0.4749355433204638,-0.1210781926848806,0.5415821501014199,0.0271277933296401,0.4836898692748084,-0.1210781926848808,0.5861182519280206,389,0.0058326666454542,0.7306954389751303,-0.0215870316592601,0.5649087221095335,0.0054795643520861,0.6774031759366217,-0.0151137238556853,0.5861182519280206,389,0.0249499219272766,0.7586298431899913,-0.0824287710971615,0.5730223123732252,0.0234492940526358,0.6826926889661002,-0.063874513231748,0.596401028277635,389,0.4337680164722031,0.4074074074074074,0.0134146341463414,0.0259740259740259,0.569301604319026,0.8711633821367173,0.8643360736712369,2018-12-31,0.62,5
9f7fd8bb86a1,run_031,31,2020-12-31,2021-01-01,0.5,3,2007-07-27,2026-06-12,True,20.21,/home/vitaly/uni/ssga/SSGA-Summer2026/runs/20260610_235133,ok,0.0384983627871207,0.6726642595900179,-0.1712324494450329,0.5679513184584178,0.045338979468555,0.8262556903677928,-0.1196648826344662,0.5824561403508772,285,0.0101428856388114,0.8678739900882563,-0.0243190182823113,0.5709939148073022,0.0100955938743956,0.8477001637068446,-0.0243190182823103,0.5859649122807018,285,0.0270740116911361,0.8965344388188158,-0.0526055657827869,0.5801217038539553,0.0266886854306127,0.8344349054702602,-0.0507934950767559,0.5859649122807018,285,0.5993071593533488,0.5995370370370371,0.9980732177263968,0.7490961677512654,0.4962713709028113,0.0240228777741344,0.4227541682888555,-0.1298810795947399,0.537525354969574,0.0332346850797224,0.6452186345827153,-0.126606568337667,0.5789473684210527,285,0.0069710813849201,0.7105376296572392,-0.0268541538295548,0.5689655172413793,0.0075527221098989,0.7529028109458973,-0.0210743866835417,0.5649122807017544,285,0.0239603911050643,0.7132530573877054,-0.0859366664258837,0.5689655172413793,0.0267436583014697,0.7627424232510348,-0.0726265484797589,0.5684210526315789,285,0.5672727272727273,0.5694849368318756,0.9466882067851372,0.7111650485436893,0.5490849368070693,0.8477001637068446,0.8678739900882563,2020-12-31,0.5,3
68ef3bddbe1c,run_032,32,2020-12-31,2021-01-01,0.5,5,2007-07-27,2026-06-12,True,20.21,/home/vitaly/uni/ssga/SSGA-Summer2026/runs/20260610_235153,ok,0.0377997431960217,0.6604851203652033,-0.1714727480300899,0.5679513184584178,0.0446197280864324,0.8129507881689666,-0.1202466332338102,0.5824561403508772,285,0.0098536689123103,0.8431882634910709,-0.02464652777351,0.5689655172413793,0.009771479449234,0.8204167861546466,-0.0246465277735098,0.5824561403508772,285,0.0260168066863979,0.8615810251217981,-0.0530797551387103,0.5780933062880325,0.0254870198357854,0.7968655335709833,-0.0519832825362136,0.5824561403508772,285,0.5993071593533488,0.5995370370370371,0.9980732177263968,0.7490961677512654,0.4962713709028113,0.0229353484326964,0.4037139934105071,-0.1306517984584878,0.5354969574036511,0.0320617428481475,0.622428784861974,-0.1277082560397097,0.5789473684210527,285,0.0066520418061621,0.6780804220216213,-0.027018062409728,0.565922920892495,0.0072051551993461,0.7181532529718264,-0.0213302590783052,0.5649122807017544,285,0.0228070533333912,0.6789660142446805,-0.0864661013417499,0.5679513184584178,0.0255033704765561,0.7272803338517726,-0.073282906111958,0.5649122807017544,285,0.5672727272727273,0.5694849368318756,0.9466882067851372,0.7111650485436893,0.5490849368070693,0.8204167861546466,0.8431882634910709,2020-12-31,0.5,5
f1d52b0060d2,run_033,33,2020-12-31,2021-01-01,0.52,3,2007-07-27,2026-06-12,True,20.23,/home/vitaly/uni/ssga/SSGA-Summer2026/runs/20260610_235213,ok,0.0384983627871207,0.6726642595900179,-0.1712324494450329,0.5679513184584178,0.045338979468555,0.8262556903677928,-0.1196648826344662,0.5824561403508772,285,0.0101428856388114,0.8678739900882563,-0.0243190182823113,0.5709939148073022,0.0100955938743956,0.8477001637068446,-0.0243190182823103,0.5859649122807018,285,0.0270740116911361,0.8965344388188158,-0.0526055657827869,0.5801217038539553,0.0266886854306127,0.8344349054702602,-0.0507934950767559,0.5859649122807018,285,0.6004618937644342,0.6004645760743321,0.9961464354527938,0.7492753623188406,0.4962713709028113,0.0240228777741344,0.4227541682888555,-0.1298810795947399,0.537525354969574,0.0332346850797224,0.6452186345827153,-0.126606568337667,0.5789473684210527,285,0.0069710813849201,0.7105376296572392,-0.0268541538295548,0.5689655172413793,0.0075527221098989,0.7529028109458973,-0.0210743866835417,0.5649122807017544,285,0.0239603911050643,0.7132530573877054,-0.0859366664258837,0.5689655172413793,0.0267436583014697,0.7627424232510348,-0.0726265484797589,0.5684210526315789,285,0.5736363636363636,0.5811688311688312,0.8675282714054927,0.696046662346079,0.5490849368070693,0.8477001637068446,0.8678739900882563,2020-12-31,0.52,3
806ce951ec3c,run_034,34,2020-12-31,2021-01-01,0.52,5,2007-07-27,2026-06-12,True,19.99,/home/vitaly/uni/ssga/SSGA-Summer2026/runs/20260610_235233,ok,0.0377997431960217,0.6604851203652033,-0.1714727480300899,0.5679513184584178,0.0446197280864324,0.8129507881689666,-0.1202466332338102,0.5824561403508772,285,0.0098536689123103,0.8431882634910709,-0.02464652777351,0.5689655172413793,0.009771479449234,0.8204167861546466,-0.0246465277735098,0.5824561403508772,285,0.0260168066863979,0.8615810251217981,-0.0530797551387103,0.5780933062880325,0.0254870198357854,0.7968655335709833,-0.0519832825362136,0.5824561403508772,285,0.6004618937644342,0.6004645760743321,0.9961464354527938,0.7492753623188406,0.4962713709028113,0.0229353484326964,0.4037139934105071,-0.1306517984584878,0.5354969574036511,0.0320617428481475,0.622428784861974,-0.1277082560397097,0.5789473684210527,285,0.0066520418061621,0.6780804220216213,-0.027018062409728,0.565922920892495,0.0072051551993461,0.7181532529718264,-0.0213302590783052,0.5649122807017544,285,0.0228070533333912,0.6789660142446805,-0.0864661013417499,0.5679513184584178,0.0255033704765561,0.7272803338517726,-0.073282906111958,0.5649122807017544,285,0.5736363636363636,0.5811688311688312,0.8675282714054927,0.696046662346079,0.5490849368070693,0.8204167861546466,0.8431882634910709,2020-12-31,0.52,5
6f95ee6cd779,run_035,35,2020-12-31,2021-01-01,0.55,3,2007-07-27,2026-06-12,True,20.09,/home/vitaly/uni/ssga/SSGA-Summer2026/runs/20260610_235253,ok,0.0384983627871207,0.6726642595900179,-0.1712324494450329,0.5679513184584178,0.045338979468555,0.8262556903677928,-0.1196648826344662,0.5824561403508772,285,0.0101428856388114,0.8678739900882563,-0.0243190182823113,0.5709939148073022,0.0100955938743956,0.8477001637068446,-0.0243190182823103,0.5859649122807018,285,0.0270740116911361,0.8965344388188158,-0.0526055657827869,0.5801217038539553,0.0266886854306127,0.8344349054702602,-0.0507934950767559,0.5859649122807018,285,0.5935334872979214,0.6004813477737665,0.9614643545279384,0.7392592592592593,0.4962713709028113,0.0240228777741344,0.4227541682888555,-0.1298810795947399,0.537525354969574,0.0332346850797224,0.6452186345827153,-0.126606568337667,0.5789473684210527,285,0.0069710813849201,0.7105376296572392,-0.0268541538295548,0.5689655172413793,0.0075527221098989,0.7529028109458973,-0.0210743866835417,0.5649122807017544,285,0.0239603911050643,0.7132530573877054,-0.0859366664258837,0.5689655172413793,0.0267436583014697,0.7627424232510348,-0.0726265484797589,0.5684210526315789,285,0.5563636363636364,0.5858453473132372,0.7221324717285945,0.6468885672937771,0.5490849368070693,0.8477001637068446,0.8678739900882563,2020-12-31,0.55,3
545fe8c14060,run_036,36,2020-12-31,2021-01-01,0.55,5,2007-07-27,2026-06-12,True,20.16,/home/vitaly/uni/ssga/SSGA-Summer2026/runs/20260610_235312,ok,0.0377997431960217,0.6604851203652033,-0.1714727480300899,0.5679513184584178,0.0446197280864324,0.8129507881689666,-0.1202466332338102,0.5824561403508772,285,0.0098536689123103,0.8431882634910709,-0.02464652777351,0.5689655172413793,0.009771479449234,0.8204167861546466,-0.0246465277735098,0.5824561403508772,285,0.0260168066863979,0.8615810251217981,-0.0530797551387103,0.5780933062880325,0.0254870198357854,0.7968655335709833,-0.0519832825362136,0.5824561403508772,285,0.5935334872979214,0.6004813477737665,0.9614643545279384,0.7392592592592593,0.4962713709028113,0.0229353484326964,0.4037139934105071,-0.1306517984584878,0.5354969574036511,0.0320617428481475,0.622428784861974,-0.1277082560397097,0.5789473684210527,285,0.0066520418061621,0.6780804220216213,-0.027018062409728,0.565922920892495,0.0072051551993461,0.7181532529718264,-0.0213302590783052,0.5649122807017544,285,0.0228070533333912,0.6789660142446805,-0.0864661013417499,0.5679513184584178,0.0255033704765561,0.7272803338517726,-0.073282906111958,0.5649122807017544,285,0.5563636363636364,0.5858453473132372,0.7221324717285945,0.6468885672937771,0.5490849368070693,0.8204167861546466,0.8431882634910709,2020-12-31,0.55,5
70cbf6498628,run_037,37,2020-12-31,2021-01-01,0.58,3,2007-07-27,2026-06-12,True,20.22,/home/vitaly/uni/ssga/SSGA-Summer2026/runs/20260610_235332,ok,0.0384983627871207,0.6726642595900179,-0.1712324494450329,0.5679513184584178,0.045338979468555,0.8262556903677928,-0.1196648826344662,0.5824561403508772,285,0.0101428856388114,0.8678739900882563,-0.0243190182823113,0.5709939148073022,0.0100955938743956,0.8477001637068446,-0.0243190182823103,0.5859649122807018,285,0.0270740116911361,0.8965344388188158,-0.0526055657827869,0.5801217038539553,0.0266886854306127,0.8344349054702602,-0.0507934950767559,0.5859649122807018,285,0.5554272517321016,0.594632768361582,0.8111753371868978,0.6862265688671557,0.4962713709028113,0.0240228777741344,0.4227541682888555,-0.1298810795947399,0.537525354969574,0.0332346850797224,0.6452186345827153,-0.126606568337667,0.5789473684210527,285,0.0069710813849201,0.7105376296572392,-0.0268541538295548,0.5689655172413793,0.0075527221098989,0.7529028109458973,-0.0210743866835417,0.5649122807017544,285,0.0239603911050643,0.7132530573877054,-0.0859366664258837,0.5689655172413793,0.0267436583014697,0.7627424232510348,-0.0726265484797589,0.5684210526315789,285,0.5327272727272727,0.6069246435845214,0.481421647819063,0.5369369369369369,0.5490849368070693,0.8477001637068446,0.8678739900882563,2020-12-31,0.58,3
ba466ec6f00c,run_038,38,2020-12-31,2021-01-01,0.58,5,2007-07-27,2026-06-12,True,20.05,/home/vitaly/uni/ssga/SSGA-Summer2026/runs/20260610_235352,ok,0.0377997431960217,0.6604851203652033,-0.1714727480300899,0.5679513184584178,0.0446197280864324,0.8129507881689666,-0.1202466332338102,0.5824561403508772,285,0.0098536689123103,0.8431882634910709,-0.02464652777351,0.5689655172413793,0.009771479449234,0.8204167861546466,-0.0246465277735098,0.5824561403508772,285,0.0260168066863979,0.8615810251217981,-0.0530797551387103,0.5780933062880325,0.0254870198357854,0.7968655335709833,-0.0519832825362136,0.5824561403508772,285,0.5554272517321016,0.594632768361582,0.8111753371868978,0.6862265688671557,0.4962713709028113,0.0229353484326964,0.4037139934105071,-0.1306517984584878,0.5354969574036511,0.0320617428481475,0.622428784861974,-0.1277082560397097,0.5789473684210527,285,0.0066520418061621,0.6780804220216213,-0.027018062409728,0.565922920892495,0.0072051551993461,0.7181532529718264,-0.0213302590783052,0.5649122807017544,285,0.0228070533333912,0.6789660142446805,-0.0864661013417499,0.5679513184584178,0.0255033704765561,0.7272803338517726,-0.073282906111958,0.5649122807017544,285,0.5327272727272727,0.6069246435845214,0.481421647819063,0.5369369369369369,0.5490849368070693,0.8204167861546466,0.8431882634910709,2020-12-31,0.58,5
88f3683e8a6e,run_039,39,2020-12-31,2021-01-01,0.62,3,2007-07-27,2026-06-12,True,20.27,/home/vitaly/uni/ssga/SSGA-Summer2026/runs/20260610_235412,ok,0.0384983627871207,0.6726642595900179,-0.1712324494450329,0.5679513184584178,0.045338979468555,0.8262556903677928,-0.1196648826344662,0.5824561403508772,285,0.0101428856388114,0.8678739900882563,-0.0243190182823113,0.5709939148073022,0.0100955938743956,0.8477001637068446,-0.0243190182823103,0.5859649122807018,285,0.0270740116911361,0.8965344388188158,-0.0526055657827869,0.5801217038539553,0.0266886854306127,0.8344349054702602,-0.0507934950767559,0.5859649122807018,285,0.4618937644341801,0.6015325670498084,0.302504816955684,0.4025641025641026,0.4962713709028113,0.0240228777741344,0.4227541682888555,-0.1298810795947399,0.537525354969574,0.0332346850797224,0.6452186345827153,-0.126606568337667,0.5789473684210527,285,0.0069710813849201,0.7105376296572392,-0.0268541538295548,0.5689655172413793,0.0075527221098989,0.7529028109458973,-0.0210743866835417,0.5649122807017544,285,0.0239603911050643,0.7132530573877054,-0.0859366664258837,0.5689655172413793,0.0267436583014697,0.7627424232510348,-0.0726265484797589,0.5684210526315789,285,0.4627272727272727,0.6029411764705882,0.1324717285945072,0.2172185430463576,0.5490849368070693,0.8477001637068446,0.8678739900882563,2020-12-31,0.62,3
ca32502e66e9,run_040,40,2020-12-31,2021-01-01,0.62,5,2007-07-27,2026-06-12,True,19.88,/home/vitaly/uni/ssga/SSGA-Summer2026/runs/20260610_235432,ok,0.0377997431960217,0.6604851203652033,-0.1714727480300899,0.5679513184584178,0.04461972808643244,0.8129507881689666,-0.12024663323381024,0.5824561403508772,285,0.0098536689123103,0.8431882634910709,-0.02464652777351,0.5689655172413793,0.009771479449234066,0.8204167861546466,-0.02464652777350984,0.5824561403508772,285,0.0260168066863979,0.8615810251217981,-0.0530797551387103,0.5780933062880325,0.025487019835785496,0.7968655335709833,-0.05198328253621365,0.5824561403508772,285,0.4618937644341801,0.6015325670498084,0.302504816955684,0.4025641025641026,0.49627137090281137,0.0229353484326964,0.4037139934105071,-0.1306517984584878,0.5354969574036511,0.032061742848147556,0.622428784861974,-0.1277082560397097,0.5789473684210527,285,0.0066520418061621,0.6780804220216213,-0.027018062409728,0.565922920892495,0.007205155199346169,0.7181532529718264,-0.021330259078305214,0.5649122807017544,285,0.0228070533333912,0.6789660142446805,-0.0864661013417499,0.5679513184584178,0.025503370476556153,0.7272803338517726,-0.07328290611195809,0.5649122807017544,285,0.4627272727272727,0.6029411764705882,0.13247172859450726,0.21721854304635763,0.5490849368070693,0.8204167861546466,0.8431882634910709,2020-12-31,0.62,5
